<?xml version="1.0" standalone="no"?>
<?xml-stylesheet type='text/xsl' href='MassDataHandlerLogFile.xsl'?>
<LogFile titleName="Senza nome 1_1.xml" projectName="C:\Users\Utente\Documents\L4T\Senza nome 1.xlsx" typeText="Tipo" messageText="Messaggio" timeText="Ora">
  <LogEntry type="Warning" dateTime="09:07:52">
    <Message>Nelle proprietà del file XLSX manca l'ID della versione. Si suppone che sia la versione più recente.</Message>
  </LogEntry>
  <LogEntry type="Warning" dateTime="09:07:52">
    <Message>Questo documento di Excel non contiene il foglio di lavoro "PLC Tags".</Message>
  </LogEntry>
</LogFile>